id;template_name;mail_cc;mail_bcc;mail_subject;mail_body;date_created;date_modified
1;synthesize;virtual;repurpose Executive;Alaska;schemas copy program;2020-05-11;2020-05-11
2;discrete reboot;Toys;Granite;Handcrafted salmon;cross-media;2020-05-11;2020-05-11
3;clear-thinking Metrics Points;Borders;invoice Oregon Personal Loan Account;Gloves parsing;Home;2020-05-12;2020-05-12
4;lavender composite;Personal Loan Account;embrace online Grocery;New York;Practical Cotton Soap;2020-05-11;2020-05-11
5;Singapore;IB Representative;infrastructures program synthesize;payment;Movies;2020-05-11;2020-05-12
6;Nakfa Manager Compatible;systematic District;Berkshire Computers Consultant;fresh-thinking olive Practical;index Fresh;2020-05-11;2020-05-11
7;connecting;Macedonia;tan Cheese primary;digital Nebraska;multi-byte Moldova Clothing;2020-05-11;2020-05-12
8;SMS frictionless Home Loan Account;quantifying Self-enabling Consultant;ivory;Sports task-force Handmade Granite Car;Security Sports Vision-oriented;2020-05-11;2020-05-11
9;Manager deposit Delaware;Rest static;United States of America Lithuanian Litas Specialist;superstructure Somali Shilling;Samoa neural;2020-05-11;2020-05-11
10;Berkshire Baby;matrix parse Dominican Peso;connecting Central;Home Principal;New Zealand Dollar Kids;2020-05-12;2020-05-11
